date,time,outdoor_temp,room_temp1,room_temp2,room_RH1,room_RH2,occupant_num,FCU_fan_feedback,FCU_onoff_feedback,FCU_combined_state
2021/08/10,09:00,31.99,28.72,28.17,58.26,60.61,1.0,2.0,0.0,0.0
2021/08/10,09:01,32.482,28.72,28.2,58.26,60.61,1.0,2.0,0.0,0.0
2021/08/10,09:02,32.812000000000005,28.72,28.2,58.19,60.61,1.0,2.0,0.0,0.0
2021/08/10,09:03,32.98,28.72,28.2,58.19,60.61,1.0,2.0,0.0,0.0
2021/08/10,09:04,32.608,28.72,28.22,57.98,60.61,1.0,2.0,0.0,0.0
2021/08/10,09:05,32.278,28.72,28.22,57.98,60.61,1.0,2.0,0.0,0.0
2021/08/10,09:06,32.32,28.72,28.2,57.98,60.61,1.0,2.0,0.0,0.0
2021/08/10,09:07,32.446,28.72,28.3,57.98,60.61,0.0,2.0,0.0,0.0
2021/08/10,09:08,32.32,28.72,28.3,57.98,60.61,0.0,2.0,0.0,0.0
2021/08/10,09:09,32.32,28.72,28.3,57.98,60.61,0.0,2.0,0.0,0.0
2021/08/10,09:10,32.32,28.72,28.27,57.98,60.61,0.0,2.0,0.0,0.0
2021/08/10,09:11,32.152,28.75,28.3,57.88,60.61,1.0,2.0,0.0,0.0
2021/08/10,09:12,31.822,28.85,28.3,57.71,60.61,0.0,2.0,0.0,0.0
2021/08/10,09:13,31.822,28.72,28.3,58.26,60.61,1.0,2.0,0.0,0.0
2021/08/10,09:14,31.99,28.68,28.25,58.53,60.89,0.0,2.0,0.0,0.0
2021/08/10,09:15,32.65,28.72,28.17,58.53,60.89,2.0,2.0,0.0,0.0
2021/08/10,09:16,33.004000000000005,28.72,28.17,58.6,60.89,1.0,2.0,0.0,0.0
2021/08/10,09:17,32.836,28.68,28.17,59.08,61.23,1.0,2.0,0.0,0.0
2021/08/10,09:18,32.77,28.68,28.17,59.08,61.16,2.0,2.0,0.0,0.0
2021/08/10,09:19,32.674,28.68,28.17,59.18,61.44,2.0,2.0,0.0,0.0
2021/08/10,09:20,32.506,28.72,28.17,59.42,61.71,2.0,2.0,0.0,0.0
2021/08/10,09:21,32.296,28.61,28.17,59.46,61.98,3.0,2.0,0.0,0.0
2021/08/10,09:22,32.482,28.63,28.17,59.63,62.26,2.0,2.0,0.0,0.0
2021/08/10,09:23,32.524,28.63,28.17,59.63,61.44,2.0,2.0,1.0,2.0
2021/08/10,09:24,32.524,28.72,28.17,59.25,61.44,2.0,2.0,1.0,2.0
2021/08/10,09:25,32.524,28.75,28.48,57.71,60.55,1.0,2.0,1.0,2.0
2021/08/10,09:26,32.524,28.72,28.58,57.61,59.97,2.0,2.0,1.0,2.0
2021/08/10,09:27,32.524,28.72,28.72,57.44,59.52,1.0,2.0,1.0,2.0
2021/08/10,09:28,32.464,28.68,28.85,57.44,58.97,1.0,2.0,1.0,2.0
2021/08/10,09:29,32.194,28.58,28.85,57.44,58.97,1.0,2.0,1.0,2.0
2021/08/10,09:30,31.864,28.58,28.99,57.44,58.42,1.0,2.0,1.0,2.0
2021/08/10,09:31,31.864,28.54,28.85,57.44,57.95,1.0,2.0,1.0,2.0
2021/08/10,09:32,32.05,28.44,28.85,57.33,57.88,0.0,2.0,1.0,2.0
2021/08/10,09:33,32.176,28.44,28.85,57.09,57.6,0.0,2.0,1.0,2.0
2021/08/10,09:34,31.72,28.3,28.8,56.89,57.6,0.0,2.0,1.0,2.0
2021/08/10,09:35,31.846,28.3,28.72,56.89,57.53,1.0,2.0,1.0,2.0
2021/08/10,09:36,31.846,28.3,28.82,56.78,56.95,1.0,2.0,1.0,2.0
2021/08/10,09:37,31.846,28.27,28.85,56.61,56.44,1.0,2.0,1.0,2.0
2021/08/10,09:38,32.379999999999995,28.25,28.85,56.51,56.51,1.0,2.0,1.0,2.0
2021/08/10,09:39,33.184,28.17,28.89,56.55,56.23,1.0,2.0,1.0,2.0
2021/08/10,09:40,33.724,28.17,28.85,56.34,56.23,1.0,2.0,1.0,2.0
2021/08/10,09:41,34.054,28.17,28.99,56.34,55.96,1.0,2.0,1.0,2.0
2021/08/10,09:42,33.724,28.17,28.94,56.27,55.89,1.0,2.0,1.0,2.0
2021/08/10,09:43,33.556,28.17,28.99,56.23,55.58,1.0,2.0,1.0,2.0
2021/08/10,09:44,33.184,28.17,28.89,55.99,55.68,1.0,2.0,1.0,2.0
2021/08/10,09:45,32.734,28.12,28.99,55.79,55.31,1.0,2.0,1.0,2.0
2021/08/10,09:46,32.566,28.03,28.99,55.79,54.86,0.0,2.0,1.0,2.0
2021/08/10,09:47,32.566,28.03,29.13,55.72,54.59,1.0,2.0,1.0,2.0
2021/08/10,09:48,32.404,28.03,29.07,55.72,54.59,1.0,2.0,1.0,2.0
2021/08/10,09:49,31.906,28.03,28.85,55.72,54.86,1.0,2.0,1.0,2.0
2021/08/10,09:50,31.906,28.03,28.85,55.69,54.86,1.0,2.0,1.0,2.0
2021/08/10,09:51,31.906,28.03,28.75,55.52,54.96,1.0,2.0,1.0,2.0
2021/08/10,09:52,31.906,28.03,28.99,55.52,54.59,0.0,2.0,1.0,2.0
2021/08/10,09:53,32.26,28.0,28.99,55.52,54.59,1.0,2.0,1.0,2.0
2021/08/10,09:54,32.812000000000005,27.98,29.02,55.52,54.59,1.0,2.0,1.0,2.0
2021/08/10,09:55,33.664,27.98,28.99,55.52,54.59,0.0,2.0,1.0,2.0
2021/08/10,09:56,33.994,27.89,28.99,55.52,54.59,1.0,2.0,1.0,2.0
2021/08/10,09:57,33.994,27.89,29.02,55.52,54.52,1.0,2.0,1.0,2.0
2021/08/10,09:58,33.994,27.89,28.99,55.52,54.59,1.0,2.0,1.0,2.0
2021/08/10,09:59,33.994,27.89,28.85,55.52,54.59,1.0,2.0,1.0,2.0
2021/08/10,10:00,33.994,27.89,28.89,55.45,54.59,2.0,2.0,1.0,2.0
2021/08/10,10:01,34.156,27.89,28.99,55.45,54.59,1.0,2.0,1.0,2.0
2021/08/10,10:02,33.994,27.86,28.85,55.52,54.59,1.0,2.0,1.0,2.0
2021/08/10,10:03,33.784,27.89,28.82,55.52,54.59,1.0,2.0,1.0,2.0
2021/08/10,10:04,33.495999999999995,27.86,28.89,55.52,54.59,1.0,2.0,1.0,2.0
2021/08/10,10:05,33.292,27.86,28.99,55.52,54.32,1.0,2.0,1.0,2.0
2021/08/10,10:06,33.004000000000005,27.84,28.99,55.52,54.04,1.0,2.0,1.0,2.0
2021/08/10,10:07,32.836,27.76,28.99,55.52,54.24,0.0,2.0,1.0,2.0
2021/08/10,10:08,32.836,27.76,28.99,55.52,53.97,0.0,2.0,1.0,2.0
2021/08/10,10:09,32.836,27.76,28.99,55.45,53.76,0.0,2.0,1.0,2.0
2021/08/10,10:10,32.836,27.76,28.99,55.41,53.22,0.0,2.0,1.0,2.0
2021/08/10,10:11,32.794000000000004,27.71,28.99,55.45,53.22,0.0,2.0,1.0,2.0
2021/08/10,10:12,32.296,27.76,28.85,55.24,53.32,0.0,2.0,1.0,2.0
2021/08/10,10:13,32.296,27.72,28.8,55.14,53.56,0.0,2.0,1.0,2.0
2021/08/10,10:14,32.548,27.62,28.72,54.97,53.22,0.0,2.0,1.0,2.0
2021/08/10,10:15,32.734,27.62,28.72,54.97,53.29,0.0,2.0,1.0,2.0
2021/08/10,10:16,32.836,27.62,28.72,54.97,53.49,0.0,2.0,1.0,2.0
2021/08/10,10:17,33.004000000000005,27.62,28.58,54.97,53.6,0.0,2.0,1.0,2.0
2021/08/10,10:18,33.004000000000005,27.62,28.72,54.9,53.49,0.0,2.0,1.0,2.0
2021/08/10,10:19,32.878,27.62,28.66,54.9,53.6,0.0,2.0,1.0,2.0
2021/08/10,10:20,33.328,27.62,28.72,54.86,53.42,0.0,2.0,1.0,2.0
2021/08/10,10:21,34.174,27.58,28.72,54.97,53.22,0.0,2.0,1.0,2.0
2021/08/10,10:22,34.696,27.58,28.72,54.69,52.95,0.0,2.0,1.0,2.0
2021/08/10,10:23,35.187999999999995,27.58,28.72,54.59,52.95,0.0,2.0,1.0,2.0
2021/08/10,10:24,35.187999999999995,27.58,28.72,54.42,52.95,0.0,2.0,1.0,2.0
2021/08/10,10:25,35.23,27.58,28.72,54.35,52.67,0.0,2.0,1.0,2.0
2021/08/10,10:26,35.374,27.58,28.72,54.14,52.33,0.0,2.0,1.0,2.0
2021/08/10,10:27,35.212,27.58,28.68,54.08,52.46,0.0,2.0,1.0,2.0
2021/08/10,10:28,34.714,27.57,28.72,53.87,51.85,0.0,2.0,1.0,2.0
2021/08/10,10:29,35.026,27.57,28.72,53.8,51.58,0.0,2.0,1.0,2.0
2021/08/10,10:30,35.56,27.48,28.72,53.6,51.58,0.0,2.0,1.0,2.0
2021/08/10,10:31,35.728,27.48,28.72,53.6,51.47,0.0,2.0,1.0,2.0
2021/08/10,10:32,35.56,27.48,28.72,53.5,51.37,0.0,2.0,1.0,2.0
2021/08/10,10:33,35.23,27.48,28.72,53.53,51.58,0.0,2.0,1.0,2.0
2021/08/10,10:34,35.398,27.48,28.72,53.565,51.58,0.0,2.0,1.0,2.0
2021/08/10,10:35,35.686,27.48,28.72,53.6,51.58,0.0,2.0,1.0,2.0
2021/08/10,10:36,35.23,27.48,28.68,53.5,51.58,0.0,2.0,1.0,2.0
2021/08/10,10:37,34.858,27.48,28.68,53.32,51.58,0.0,2.0,1.0,2.0
2021/08/10,10:38,34.9,27.48,28.58,53.32,51.68,0.0,2.0,1.0,2.0
2021/08/10,10:39,35.026,27.48,28.58,53.32,51.58,0.0,2.0,1.0,2.0
2021/08/10,10:40,35.187999999999995,27.48,28.44,53.05,53.18,0.0,2.0,1.0,2.0
2021/08/10,10:41,35.398,27.48,28.61,53.05,51.33,0.0,2.0,1.0,2.0
2021/08/10,10:42,35.356,27.45,28.61,53.05,51.06,0.0,2.0,1.0,2.0
2021/08/10,10:43,35.23,27.43,28.63,52.98,50.99,0.0,2.0,1.0,2.0
2021/08/10,10:44,35.398,27.43,28.72,52.78,50.79,0.0,2.0,1.0,2.0
2021/08/10,10:45,34.84,27.43,28.68,52.78,50.79,0.0,2.0,1.0,2.0
2021/08/10,10:46,34.9,27.35,28.58,52.78,50.79,0.0,2.0,1.0,2.0
2021/08/10,10:47,35.026,27.35,28.58,52.67,50.51,0.0,2.0,1.0,2.0
2021/08/10,10:48,35.187999999999995,27.35,28.58,52.5,50.44,0.0,2.0,1.0,2.0
2021/08/10,10:49,35.56,27.35,28.72,52.5,49.97,0.0,2.0,1.0,2.0
2021/08/10,10:50,35.89,27.35,28.58,52.5,50.51,0.0,2.0,1.0,2.0
2021/08/10,10:51,35.728,27.35,28.54,52.23,50.79,1.0,2.0,1.0,2.0
2021/08/10,10:52,35.56,27.35,28.53,52.23,51.06,1.0,2.0,1.0,2.0
2021/08/10,10:53,35.332,27.35,28.44,52.23,51.06,1.0,2.0,1.0,2.0
2021/08/10,10:54,35.296,27.35,28.36,52.3,51.33,1.0,2.0,1.0,2.0
2021/08/10,10:55,35.728,27.35,28.3,52.23,51.61,1.0,2.0,1.0,2.0
2021/08/10,10:56,36.22,27.35,28.3,52.23,51.54,1.0,2.0,1.0,2.0
2021/08/10,10:57,36.574,27.35,28.39,52.16,51.06,1.0,2.0,1.0,2.0
2021/08/10,10:58,36.904,27.35,28.44,52.12,50.96,1.0,2.0,1.0,2.0
2021/08/10,10:59,37.234,27.35,28.44,52.12,50.79,1.0,2.0,1.0,2.0
2021/08/10,11:00,36.862,27.35,28.34,51.95,50.79,0.0,2.0,1.0,2.0
2021/08/10,11:01,36.076,27.35,28.44,51.95,50.24,1.0,2.0,1.0,2.0
2021/08/10,11:02,35.745999999999995,27.35,28.58,51.95,49.69,1.0,2.0,1.0,2.0
2021/08/10,11:03,35.745999999999995,27.35,28.61,51.68,49.42,1.0,2.0,1.0,2.0
2021/08/10,11:04,36.076,27.35,28.66,51.68,49.21,0.0,2.0,1.0,2.0
2021/08/10,11:05,35.914,27.35,28.68,51.68,49.14,0.0,2.0,1.0,2.0
2021/08/10,11:06,35.745999999999995,27.35,28.58,51.68,49.42,1.0,2.0,1.0,2.0
2021/08/10,11:07,35.584,27.35,28.58,51.61,49.48,0.0,2.0,1.0,2.0
2021/08/10,11:08,35.254000000000005,27.35,28.58,51.68,49.42,0.0,2.0,1.0,2.0
2021/08/10,11:09,35.026,27.35,28.58,51.68,49.62,1.0,2.0,1.0,2.0
2021/08/10,11:10,34.924,27.35,28.58,51.68,49.69,1.0,2.0,1.0,2.0
2021/08/10,11:11,35.086,27.35,28.58,51.68,49.69,1.0,2.0,1.0,2.0
2021/08/10,11:12,35.254000000000005,27.35,28.61,51.68,49.59,1.0,2.0,1.0,2.0
2021/08/10,11:13,34.756,27.38,28.61,51.68,49.42,1.0,2.0,1.0,2.0
2021/08/10,11:14,34.426,27.38,28.58,51.68,49.52,1.0,2.0,1.0,2.0
2021/08/10,11:15,34.384,27.38,28.58,51.68,49.48,0.0,2.0,1.0,2.0
2021/08/10,11:16,34.258,27.35,28.58,51.68,49.42,1.0,2.0,1.0,2.0
2021/08/10,11:17,34.366,27.38,28.61,51.68,49.35,1.0,2.0,1.0,2.0
2021/08/10,11:18,33.928000000000004,27.35,28.58,51.61,49.42,1.0,2.0,1.0,2.0
2021/08/10,11:19,33.766,27.35,28.49,51.41,49.62,1.0,2.0,1.0,2.0
2021/08/10,11:20,33.766,27.35,28.58,51.41,49.42,0.0,2.0,1.0,2.0
2021/08/10,11:21,34.258,27.35,28.58,51.41,49.35,1.0,2.0,1.0,2.0
2021/08/10,11:22,34.984,27.35,28.53,51.41,49.25,0.0,2.0,1.0,2.0
2021/08/10,11:23,35.602000000000004,27.31,28.54,51.41,49.21,0.0,2.0,1.0,2.0
2021/08/10,11:24,35.932,27.31,28.41,51.51,49.69,1.0,2.0,1.0,2.0
2021/08/10,11:25,35.77,27.31,28.34,51.75,50.17,0.0,2.0,1.0,2.0
2021/08/10,11:26,35.77,27.35,28.44,51.75,49.97,1.0,2.0,1.0,2.0
2021/08/10,11:27,36.1,27.35,28.44,51.75,49.97,0.0,2.0,1.0,2.0
2021/08/10,11:28,36.1,27.35,28.44,51.78,50.07,0.0,2.0,1.0,2.0
2021/08/10,11:29,36.28,27.35,28.3,51.78,50.31,0.0,2.0,1.0,2.0
2021/08/10,11:30,36.634,27.35,28.44,51.95,49.97,0.0,2.0,1.0,2.0
2021/08/10,11:31,36.76,27.35,28.2,51.88,50.79,0.0,2.0,1.0,2.0
2021/08/10,11:32,35.974,27.35,28.17,51.88,50.89,0.0,2.0,1.0,2.0
2021/08/10,11:33,35.806,27.35,28.3,51.88,50.44,1.0,2.0,1.0,2.0
2021/08/10,11:34,35.806,27.35,28.44,51.88,49.97,1.0,2.0,1.0,2.0
2021/08/10,11:35,35.806,27.31,28.44,51.88,49.69,1.0,2.0,1.0,2.0
2021/08/10,11:36,35.104,27.31,28.44,51.68,49.69,1.0,2.0,1.0,2.0
2021/08/10,11:37,34.486000000000004,27.21,28.44,51.68,49.9,1.0,2.0,1.0,2.0
2021/08/10,11:38,34.858,27.21,28.44,51.68,49.69,1.0,2.0,1.0,2.0
2021/08/10,11:39,35.187999999999995,27.21,28.44,51.68,49.76,1.0,2.0,1.0,2.0
2021/08/10,11:40,34.984,27.21,28.48,51.68,49.69,1.0,2.0,1.0,2.0
2021/08/10,11:41,35.314,27.21,28.39,51.68,50.03,1.0,2.0,1.0,2.0
2021/08/10,11:42,35.644,27.21,28.3,51.68,50.51,0.0,2.0,1.0,2.0
2021/08/10,11:43,35.5,27.21,28.3,51.68,50.44,1.0,2.0,1.0,2.0
2021/08/10,11:44,35.662,27.24,28.39,51.68,50.03,0.0,2.0,1.0,2.0
2021/08/10,11:45,35.83,27.35,28.44,51.68,49.69,0.0,2.0,1.0,2.0
2021/08/10,11:46,36.184,27.35,28.48,51.68,49.59,0.0,2.0,1.0,2.0
2021/08/10,11:47,36.532,27.35,28.54,51.68,49.42,0.0,2.0,1.0,2.0
2021/08/10,11:48,36.694,27.35,28.58,51.58,49.14,1.0,2.0,1.0,2.0
2021/08/10,11:49,36.694,27.35,28.58,51.58,49.04,1.0,2.0,1.0,2.0
2021/08/10,11:50,36.694,27.35,28.58,51.58,49.14,1.0,2.0,1.0,2.0
2021/08/10,11:51,36.694,27.35,28.58,51.41,49.14,1.0,2.0,1.0,2.0
2021/08/10,11:52,36.364,27.35,28.44,51.41,49.48,0.0,2.0,1.0,2.0
2021/08/10,11:53,36.364,27.35,28.44,51.41,49.79,0.0,2.0,1.0,2.0
2021/08/10,11:54,36.244,27.35,28.48,51.47,49.69,0.0,2.0,1.0,2.0
2021/08/10,11:55,36.388,27.35,28.44,51.47,49.97,0.0,2.0,1.0,2.0
2021/08/10,11:56,36.76,27.35,28.44,51.47,49.97,1.0,2.0,1.0,2.0
2021/08/10,11:57,36.88,27.35,28.44,51.41,49.97,1.0,2.0,1.0,2.0
2021/08/10,11:58,36.88,27.38,28.49,51.41,49.59,1.0,2.0,1.0,2.0
2021/08/10,11:59,37.048,27.38,28.58,51.41,49.14,2.0,2.0,1.0,2.0
2021/08/10,12:00,36.55,27.38,28.58,51.41,49.14,2.0,2.0,1.0,2.0
2021/08/10,12:01,36.346,27.38,28.58,51.41,49.14,0.0,2.0,1.0,2.0
2021/08/10,12:02,35.728,27.38,28.58,51.41,48.94,0.0,2.0,1.0,2.0
2021/08/10,12:03,35.602000000000004,27.38,28.44,51.3,49.52,1.0,2.0,0.0,0.0
2021/08/10,12:04,35.932,27.48,28.27,51.13,50.31,1.0,2.0,0.0,0.0
2021/08/10,12:05,36.058,27.53,28.17,51.13,50.79,1.0,2.0,0.0,0.0
2021/08/10,12:06,36.058,27.65,28.17,51.03,51.06,1.0,2.0,0.0,0.0
2021/08/10,12:07,36.262,27.76,28.17,50.79,51.06,1.0,2.0,0.0,0.0
2021/08/10,12:08,36.574,27.89,28.17,50.58,51.06,1.0,2.0,0.0,0.0
2021/08/10,12:09,36.532,27.94,28.22,50.31,51.06,1.0,2.0,0.0,0.0
2021/08/10,12:10,36.202,28.03,28.3,50.2,50.96,1.0,2.0,0.0,0.0
2021/08/10,12:11,35.914,28.17,28.34,49.97,50.79,1.0,2.0,0.0,0.0
2021/08/10,12:12,35.416,28.2,28.44,49.76,50.17,1.0,2.0,0.0,0.0
2021/08/10,12:13,35.254000000000005,28.3,28.48,49.48,49.97,1.0,2.0,0.0,0.0
2021/08/10,12:14,35.584,28.36,28.58,49.38,49.69,1.0,2.0,0.0,0.0
2021/08/10,12:15,35.584,28.44,28.61,49.14,49.62,1.0,2.0,0.0,0.0
2021/08/10,12:16,35.542,28.48,28.63,48.94,49.21,1.0,2.0,0.0,0.0
2021/08/10,12:17,35.584,28.58,28.72,48.83,49.14,1.0,2.0,0.0,0.0
2021/08/10,12:18,35.620000000000005,28.61,28.75,48.59,49.14,1.0,2.0,0.0,0.0
2021/08/10,12:19,35.788,28.72,28.77,48.39,48.77,1.0,2.0,0.0,0.0
2021/08/10,12:20,36.076,28.72,28.85,48.28,48.59,1.0,2.0,0.0,0.0
2021/08/10,12:21,36.244,28.75,28.89,48.11,48.59,1.0,2.0,0.0,0.0
2021/08/10,12:22,36.364,28.77,28.9,48.11,48.52,1.0,2.0,0.0,0.0
2021/08/10,12:23,36.076,28.85,28.99,47.84,48.32,1.0,2.0,0.0,0.0
2021/08/10,12:24,35.914,28.85,28.99,47.84,48.05,1.0,2.0,0.0,0.0
2021/08/10,12:25,35.872,28.89,29.02,47.84,48.05,1.0,2.0,0.0,0.0
2021/08/10,12:26,35.914,28.99,29.04,47.77,47.77,1.0,2.0,0.0,0.0
2021/08/10,12:27,35.914,28.99,29.13,47.57,47.77,1.0,2.0,0.0,0.0
2021/08/10,12:28,36.076,28.99,29.13,47.57,47.7,1.0,2.0,0.0,0.0
2021/08/10,12:29,35.914,29.02,29.16,47.57,47.7,1.0,2.0,0.0,0.0
2021/08/10,12:30,35.872,29.02,29.16,47.5,47.5,1.0,2.0,0.0,0.0
2021/08/10,12:31,35.745999999999995,29.04,29.18,47.46,47.5,1.0,2.0,0.0,0.0
2021/08/10,12:32,35.704,29.13,29.26,47.29,47.5,1.0,2.0,0.0,0.0
2021/08/10,12:33,35.745999999999995,29.13,29.26,47.29,47.5,1.0,2.0,0.0,0.0
2021/08/10,12:34,35.686,29.13,29.26,47.29,47.43,1.0,2.0,0.0,0.0
2021/08/10,12:35,35.584,29.13,29.3,47.29,47.22,1.0,2.0,0.0,0.0
2021/08/10,12:36,35.914,29.16,29.32,47.22,47.22,1.0,2.0,0.0,0.0
2021/08/10,12:37,35.584,29.16,29.4,47.22,47.33,1.0,2.0,0.0,0.0
2021/08/10,12:38,35.745999999999995,29.18,29.4,47.19,47.22,1.0,2.0,0.0,0.0
2021/08/10,12:39,35.745999999999995,29.18,29.4,47.19,47.22,1.0,2.0,0.0,0.0
2021/08/10,12:40,35.542,29.26,29.4,47.02,47.22,1.0,2.0,0.0,0.0
2021/08/10,12:41,35.416,29.26,29.4,47.02,47.22,1.0,2.0,0.0,0.0
2021/08/10,12:42,35.374,29.26,29.4,47.02,47.16,1.0,2.0,0.0,0.0
2021/08/10,12:43,35.254000000000005,29.26,29.43,47.02,47.22,1.0,2.0,0.0,0.0
2021/08/10,12:44,35.254000000000005,29.26,29.43,46.95,47.16,1.0,2.0,0.0,0.0
2021/08/10,12:45,35.254000000000005,29.26,29.43,46.91,46.95,1.0,2.0,0.0,0.0
2021/08/10,12:46,35.254000000000005,29.26,29.45,46.74,46.95,1.0,2.0,0.0,0.0
2021/08/10,12:47,35.254000000000005,29.26,29.45,46.81,47.02,1.0,2.0,0.0,0.0
2021/08/10,12:48,34.588,29.26,29.45,46.81,46.95,1.0,2.0,0.0,0.0
2021/08/10,12:49,34.629999999999995,29.3,29.45,46.74,46.95,1.0,2.0,0.0,0.0
2021/08/10,12:50,34.942,29.3,29.54,46.74,46.95,1.0,2.0,1.0,2.0
2021/08/10,12:51,35.104,29.13,29.81,49.21,45.86,1.0,2.0,1.0,2.0
2021/08/10,12:52,35.272,28.94,30.0,50.03,45.03,1.0,2.0,1.0,2.0
2021/08/10,12:53,35.272,28.82,29.95,50.48,45.14,2.0,2.0,1.0,2.0
2021/08/10,12:54,35.482,28.66,29.81,50.58,45.58,1.0,2.0,1.0,2.0
2021/08/10,12:55,35.602000000000004,28.27,29.81,50.92,45.58,1.0,2.0,1.0,2.0
2021/08/10,12:56,35.602000000000004,27.89,29.81,51.75,45.86,1.0,2.0,1.0,2.0
2021/08/10,12:57,35.602000000000004,27.76,29.67,52.5,46.4,1.0,2.0,1.0,2.0
2021/08/10,12:58,35.602000000000004,27.71,29.64,52.78,46.68,1.0,2.0,1.0,2.0
2021/08/10,12:59,35.56,27.62,29.67,52.78,46.68,1.0,2.0,1.0,2.0
2021/08/10,13:00,35.434,27.48,29.54,53.12,46.95,1.0,2.0,1.0,2.0
2021/08/10,13:01,35.434,27.52,29.54,54.49,47.16,2.0,2.0,1.0,2.0
2021/08/10,13:02,35.602000000000004,27.62,29.54,54.14,47.12,2.0,2.0,1.0,2.0
2021/08/10,13:03,35.434,27.58,29.43,53.87,47.12,2.0,2.0,1.0,2.0
2021/08/10,13:04,35.602000000000004,27.58,29.4,53.8,47.22,2.0,2.0,1.0,2.0
2021/08/10,13:05,35.662,27.62,29.37,53.6,47.5,2.0,2.0,1.0,2.0
2021/08/10,13:06,35.77,27.62,29.26,53.87,47.84,1.0,2.0,1.0,2.0
2021/08/10,13:07,35.728,27.62,29.26,53.77,47.77,1.0,2.0,1.0,2.0
2021/08/10,13:08,35.602000000000004,27.62,29.26,53.87,47.7,1.0,2.0,1.0,2.0
2021/08/10,13:09,35.77,27.62,29.26,53.94,47.77,1.0,2.0,1.0,2.0
2021/08/10,13:10,35.89,27.62,29.23,53.6,47.77,1.0,2.0,1.0,2.0
2021/08/10,13:11,35.602000000000004,27.58,29.23,53.32,47.84,2.0,2.0,1.0,2.0
2021/08/10,13:12,35.542,27.57,29.13,53.32,47.77,2.0,2.0,1.0,2.0
2021/08/10,13:13,35.602000000000004,27.57,29.16,53.25,48.05,1.0,2.0,1.0,2.0
2021/08/10,13:14,35.272,27.57,29.13,53.32,48.05,1.0,2.0,1.0,2.0
2021/08/10,13:15,35.272,27.48,29.13,53.32,48.05,2.0,2.0,1.0,2.0
2021/08/10,13:16,35.398,27.53,29.13,53.6,48.05,1.0,2.0,1.0,2.0
2021/08/10,13:17,35.434,27.62,29.13,53.32,48.05,2.0,2.0,1.0,2.0
2021/08/10,13:18,35.56,27.62,29.13,52.98,48.05,2.0,2.0,1.0,2.0
2021/08/10,13:19,35.542,27.48,29.13,52.5,48.05,1.0,2.0,1.0,2.0
2021/08/10,13:20,35.434,27.48,29.13,52.6,47.77,1.0,2.0,1.0,2.0
2021/08/10,13:21,35.482,27.48,28.99,52.78,48.15,1.0,2.0,1.0,2.0
2021/08/10,13:22,35.77,27.48,29.13,52.78,48.22,1.0,2.0,1.0,2.0
2021/08/10,13:23,35.956,27.45,28.99,52.78,48.32,1.0,2.0,1.0,2.0
2021/08/10,13:24,36.118,27.45,28.99,52.78,48.59,1.0,2.0,1.0,2.0
2021/08/10,13:25,35.956,27.45,28.99,52.78,48.32,1.0,2.0,1.0,2.0
2021/08/10,13:26,35.956,27.43,28.99,52.78,48.32,1.0,2.0,1.0,2.0
2021/08/10,13:27,36.118,27.35,28.99,52.78,48.32,1.0,2.0,1.0,2.0
2021/08/10,13:28,35.956,27.35,28.99,52.78,48.32,1.0,2.0,1.0,2.0
2021/08/10,13:29,35.788,27.35,28.99,52.78,48.32,1.0,2.0,1.0,2.0
2021/08/10,13:30,35.788,27.35,28.99,52.78,48.32,1.0,2.0,1.0,2.0
2021/08/10,13:31,35.788,27.35,28.99,52.78,48.32,1.0,2.0,1.0,2.0
2021/08/10,13:32,35.788,27.35,28.94,52.78,48.42,1.0,2.0,1.0,2.0
2021/08/10,13:33,35.745999999999995,27.35,28.99,52.78,48.22,1.0,2.0,1.0,2.0
2021/08/10,13:34,35.788,27.35,28.99,52.78,48.05,1.0,2.0,1.0,2.0
2021/08/10,13:35,35.956,27.35,28.99,52.78,48.05,1.0,2.0,1.0,2.0
2021/08/10,13:36,36.118,27.35,28.99,52.78,48.05,1.0,2.0,1.0,2.0
2021/08/10,13:37,36.118,27.35,28.99,52.78,48.11,1.0,2.0,1.0,2.0
2021/08/10,13:38,36.118,27.35,28.95,52.78,48.32,1.0,2.0,1.0,2.0
2021/08/10,13:39,35.956,27.35,28.95,52.78,48.32,1.0,2.0,1.0,2.0
2021/08/10,13:40,35.745999999999995,27.35,28.99,52.88,48.32,1.0,2.0,1.0,2.0
2021/08/10,13:41,35.745999999999995,27.35,28.94,53.05,48.39,1.0,2.0,1.0,2.0
2021/08/10,13:42,35.416,27.35,28.89,53.05,48.52,1.0,2.0,1.0,2.0
2021/08/10,13:43,35.296,27.35,28.89,53.05,48.32,1.0,2.0,1.0,2.0
2021/08/10,13:44,35.296,27.31,28.99,53.05,48.05,1.0,2.0,1.0,2.0
2021/08/10,13:45,35.458,27.31,28.94,53.05,48.32,1.0,2.0,1.0,2.0
2021/08/10,13:46,35.620000000000005,27.29,28.89,53.05,48.32,1.0,2.0,1.0,2.0
2021/08/10,13:47,35.728,27.29,28.85,53.05,48.7,1.0,2.0,1.0,2.0
2021/08/10,13:48,35.620000000000005,27.31,28.82,53.12,48.87,1.0,2.0,1.0,2.0
2021/08/10,13:49,35.662,27.31,28.85,53.05,48.87,1.0,2.0,1.0,2.0
2021/08/10,13:50,35.788,27.31,28.8,53.05,48.94,1.0,2.0,1.0,2.0
2021/08/10,13:51,35.745999999999995,27.29,28.85,53.15,48.59,1.0,2.0,1.0,2.0
2021/08/10,13:52,35.745999999999995,27.21,28.82,53.32,48.87,1.0,2.0,1.0,2.0
2021/08/10,13:53,35.620000000000005,27.21,28.85,53.32,48.59,1.0,2.0,1.0,2.0
2021/08/10,13:54,35.584,27.21,28.85,53.32,48.59,1.0,2.0,1.0,2.0
2021/08/10,13:55,35.620000000000005,27.21,28.85,53.39,48.66,1.0,2.0,1.0,2.0
2021/08/10,13:56,35.620000000000005,27.21,28.85,53.32,48.87,1.0,2.0,1.0,2.0
2021/08/10,13:57,35.584,27.21,28.85,53.32,48.94,1.0,2.0,1.0,2.0
2021/08/10,13:58,35.458,27.21,28.8,53.32,48.97,1.0,2.0,1.0,2.0
2021/08/10,13:59,35.620000000000005,27.24,28.85,53.32,48.87,1.0,2.0,1.0,2.0
2021/08/10,14:00,35.584,27.24,28.85,53.32,48.87,1.0,2.0,1.0,2.0
2021/08/10,14:01,35.458,27.26,28.85,53.6,48.87,2.0,2.0,1.0,2.0
2021/08/10,14:02,35.5,27.35,28.85,53.32,48.97,2.0,2.0,1.0,2.0
2021/08/10,14:03,35.620000000000005,27.35,28.85,53.05,49.08,1.0,2.0,1.0,2.0
2021/08/10,14:04,35.584,27.35,28.89,53.05,49.14,1.0,2.0,1.0,2.0
2021/08/10,14:05,35.458,27.35,28.99,53.05,48.87,1.0,2.0,1.0,2.0
2021/08/10,14:06,35.584,27.35,28.99,53.32,49.14,0.0,2.0,1.0,2.0
2021/08/10,14:07,35.416,27.38,28.99,53.25,49.42,0.0,2.0,1.0,2.0
2021/08/10,14:08,35.398,27.48,28.99,53.05,49.14,0.0,2.0,1.0,2.0
2021/08/10,14:09,35.296,27.53,28.85,52.78,49.42,0.0,2.0,1.0,2.0
2021/08/10,14:10,35.296,27.62,28.85,52.5,49.42,0.0,2.0,1.0,2.0
2021/08/10,14:11,35.296,27.62,28.85,52.5,49.42,0.0,2.0,1.0,2.0
2021/08/10,14:12,35.332,27.62,28.85,52.5,49.42,1.0,2.0,1.0,2.0
2021/08/10,14:13,35.518,27.62,28.85,52.4,49.69,1.0,2.0,1.0,2.0
2021/08/10,14:14,35.482,27.65,28.85,52.4,50.24,1.0,2.0,1.0,2.0
2021/08/10,14:15,35.314,27.67,28.99,52.43,49.97,1.0,2.0,1.0,2.0
2021/08/10,14:16,35.146,27.67,28.99,52.4,50.24,1.0,2.0,1.0,2.0
2021/08/10,14:17,35.146,27.76,28.99,52.23,49.97,1.0,2.0,1.0,2.0
2021/08/10,14:18,35.146,27.76,28.99,52.23,49.97,1.0,2.0,1.0,2.0
2021/08/10,14:19,34.984,27.76,28.99,52.23,49.9,1.0,2.0,1.0,2.0
2021/08/10,14:20,34.942,27.72,28.99,52.23,49.97,1.0,2.0,1.0,2.0
2021/08/10,14:21,34.984,27.72,28.99,52.23,49.97,1.0,2.0,1.0,2.0
2021/08/10,14:22,35.146,27.72,28.99,52.23,49.69,1.0,2.0,1.0,2.0
2021/08/10,14:23,35.314,27.71,28.99,52.23,49.76,1.0,2.0,1.0,2.0
2021/08/10,14:24,35.482,27.71,28.85,52.23,50.24,1.0,2.0,1.0,2.0
2021/08/10,14:25,35.482,27.71,28.89,52.23,50.41,1.0,2.0,1.0,2.0
2021/08/10,14:26,35.482,27.72,28.85,52.23,50.24,0.0,2.0,1.0,2.0
2021/08/10,14:27,35.482,27.716153846153844,28.85,52.1876923076923,50.21923076923077,1.0,2.0,1.0,2.0
2021/08/10,14:28,35.482,27.712307692307693,28.85,52.14538461538461,50.19846153846154,1.0,2.0,1.0,2.0
2021/08/10,14:29,35.482,27.70846153846154,28.85,52.10307692307692,50.17769230769231,1.0,2.0,1.0,2.0
2021/08/10,14:30,35.482,27.704615384615384,28.85,52.06076923076923,50.15692307692308,1.0,2.0,1.0,2.0
2021/08/10,14:31,35.482,27.700769230769232,28.85,52.01846153846154,50.136153846153846,1.0,2.0,1.0,2.0
2021/08/10,14:32,35.482,27.69692307692308,28.85,51.97615384615384,50.11538461538461,1.0,2.0,1.0,2.0
2021/08/10,14:33,35.482,27.693076923076923,28.85,51.93384615384616,50.09461538461539,1.0,2.0,1.0,2.0
2021/08/10,14:34,35.482,27.689230769230768,28.85,51.89153846153846,50.07384615384616,1.0,2.0,1.0,2.0
2021/08/10,14:35,35.482,27.685384615384617,28.85,51.849230769230765,50.05307692307692,0.0,2.0,1.0,2.0
2021/08/10,14:36,35.482,27.681538461538462,28.85,51.80692307692308,50.03230769230769,0.0,2.0,1.0,2.0
2021/08/10,14:37,35.482,27.677692307692308,28.85,51.76461538461538,50.011538461538464,0.0,2.0,1.0,2.0
2021/08/10,14:38,35.482,27.67384615384616,28.85,51.722307692307695,49.99076923076923,1.0,2.0,1.0,2.0
2021/08/10,14:39,34.984,27.67,28.85,51.68,49.97,1.0,2.0,1.0,2.0
2021/08/10,14:40,35.146,27.65,28.85,51.68,49.97,1.0,1.0,1.0,1.0
2021/08/10,14:41,35.332,27.62,28.82,51.75,50.24,1.0,1.0,1.0,1.0
2021/08/10,14:42,35.332,27.62,28.72,51.78,50.24,0.0,1.0,1.0,1.0
2021/08/10,14:43,35.5,27.62,28.72,51.75,50.24,1.0,1.0,1.0,1.0
2021/08/10,14:44,35.662,27.62,28.72,51.68,50.24,1.0,1.0,1.0,1.0
2021/08/10,14:45,35.620000000000005,27.62,28.72,51.68,50.205,1.0,1.0,1.0,1.0
2021/08/10,14:46,35.620000000000005,27.62,28.72,51.68,50.17,1.0,1.0,1.0,1.0
2021/08/10,14:47,35.662,27.62,28.72,51.41,50.13,0.0,1.0,1.0,1.0
2021/08/10,14:48,35.662,27.62,28.72,51.33,49.9,1.0,1.0,1.0,1.0
2021/08/10,14:49,35.662,27.57,28.58,51.13,49.97,1.0,1.0,1.0,1.0
2021/08/10,14:50,35.704,27.48,28.58,51.13,50.17,1.0,1.0,1.0,1.0
2021/08/10,14:51,35.662,27.48,28.58,51.2,49.69,1.0,1.0,1.0,1.0
2021/08/10,14:52,35.662,27.48,28.58,51.06,49.42,0.0,1.0,1.0,1.0
2021/08/10,14:53,35.83,27.45,28.41,50.85,49.52,0.0,1.0,1.0,1.0
2021/08/10,14:54,35.788,27.43,28.3,50.85,50.24,1.0,1.0,1.0,1.0
2021/08/10,14:55,35.83,27.45,28.3,51.13,50.24,0.0,1.0,1.0,1.0
2021/08/10,14:56,35.83,27.45,28.17,50.85,50.31,1.0,1.0,1.0,1.0
2021/08/10,14:57,35.83,27.43,28.17,50.85,50.51,1.0,1.0,1.0,1.0
2021/08/10,14:58,35.662,27.35,28.3,50.85,50.17,1.0,1.0,1.0,1.0
2021/08/10,14:59,35.332,27.35,28.36,50.79,49.62,1.0,1.0,1.0,1.0
2021/08/10,15:00,35.17,27.35,28.48,50.79,49.08,1.0,1.0,1.0,1.0
2021/08/10,15:01,35.17,27.35,28.44,50.79,48.87,1.0,1.0,1.0,1.0
2021/08/10,15:02,34.96,27.35,28.44,50.58,48.87,1.0,1.0,1.0,1.0
2021/08/10,15:03,35.002,27.31,28.58,50.51,48.49,1.0,1.0,1.0,1.0
2021/08/10,15:04,34.96,27.35,28.53,50.48,48.32,1.0,1.0,1.0,1.0
2021/08/10,15:05,35.002,27.31,28.3,50.31,48.87,0.0,1.0,1.0,1.0
2021/08/10,15:06,35.002,27.29,28.3,50.31,49.14,0.0,1.0,1.0,1.0
2021/08/10,15:07,35.002,27.29,28.34,50.31,48.87,0.0,1.0,1.0,1.0
2021/08/10,15:08,34.96,27.21,28.27,50.31,49.21,0.0,1.0,1.0,1.0
2021/08/10,15:09,35.002,27.21,28.17,50.31,49.14,1.0,1.0,1.0,1.0
2021/08/10,15:10,35.002,27.21,28.3,50.31,48.87,1.0,1.0,1.0,1.0
2021/08/10,15:11,35.002,27.21,28.3,50.31,48.59,1.0,1.0,1.0,1.0
2021/08/10,15:12,35.002,27.21,28.44,50.31,48.22,1.0,1.0,1.0,1.0
2021/08/10,15:13,34.84,27.21,28.44,50.24,48.05,1.0,1.0,1.0,1.0
2021/08/10,15:14,34.798,27.21,28.3,50.03,48.32,1.0,1.0,1.0,1.0
2021/08/10,15:15,34.51,27.17,28.3,50.03,48.32,1.0,1.0,1.0,1.0
2021/08/10,15:16,34.468,27.21,28.44,49.97,48.05,0.0,1.0,1.0,1.0
2021/08/10,15:17,34.51,27.21,28.39,49.97,48.11,1.0,1.0,1.0,1.0
2021/08/10,15:18,34.51,27.21,28.3,50.03,48.42,1.0,1.0,1.0,1.0
2021/08/10,15:19,34.342,27.21,28.27,49.76,48.59,1.0,1.0,1.0,1.0
2021/08/10,15:20,34.51,27.21,28.17,49.76,48.66,1.0,1.0,1.0,1.0
2021/08/10,15:21,34.672,27.21,28.2,49.76,48.59,1.0,1.0,1.0,1.0
2021/08/10,15:22,34.672,27.21,28.2,49.76,48.59,0.0,1.0,1.0,1.0
2021/08/10,15:23,34.714,27.21,28.2,49.69,48.59,0.0,1.0,1.0,1.0
2021/08/10,15:24,34.84,27.21,28.3,49.69,48.32,0.0,1.0,1.0,1.0
2021/08/10,15:25,34.84,27.21,28.25,49.69,48.32,1.0,1.0,1.0,1.0
2021/08/10,15:26,34.96,27.21,28.2,49.48,48.05,1.0,1.0,1.0,1.0
2021/08/10,15:27,35.002,27.21,28.27,49.21,47.77,1.0,1.0,1.0,1.0
2021/08/10,15:28,34.96,27.17,28.03,49.21,48.15,0.0,1.0,1.0,1.0
2021/08/10,15:29,35.002,27.17,28.03,49.21,48.32,0.0,1.0,1.0,1.0
2021/08/10,15:30,35.128,27.21,28.17,49.11,48.05,0.0,1.0,1.0,1.0
2021/08/10,15:31,35.128,27.21,28.03,49.21,48.32,0.0,1.0,1.0,1.0
2021/08/10,15:32,34.96,27.21,28.03,49.11,48.32,1.0,1.0,1.0,1.0
2021/08/10,15:33,34.96,27.17,28.03,49.0,48.32,1.0,1.0,1.0,1.0
2021/08/10,15:34,35.002,27.17,28.03,49.0,48.25,1.0,1.0,1.0,1.0
2021/08/10,15:35,35.17,27.16,28.03,48.94,48.05,1.0,1.0,1.0,1.0
2021/08/10,15:36,35.002,27.07,28.17,48.94,47.67,1.0,1.0,1.0,1.0
2021/08/10,15:37,35.002,27.07,28.13,48.87,47.5,0.0,1.0,1.0,1.0
2021/08/10,15:38,35.002,27.07,28.17,48.39,47.16,0.0,1.0,1.0,1.0
2021/08/10,15:39,35.002,27.07,28.03,48.49,47.29,0.0,1.0,1.0,1.0
2021/08/10,15:40,35.044000000000004,27.04,28.0,48.66,47.57,1.0,1.0,1.0,1.0
2021/08/10,15:41,35.17,27.04,28.03,48.59,47.22,1.0,1.0,1.0,1.0
2021/08/10,15:42,35.332,27.02,28.03,48.39,47.5,1.0,1.0,1.0,1.0
2021/08/10,15:43,35.332,27.02,28.0,48.66,47.22,0.0,1.0,1.0,1.0
2021/08/10,15:44,35.332,27.02,28.0,48.66,47.22,1.0,1.0,1.0,1.0
2021/08/10,15:45,35.17,26.93,28.03,48.66,46.95,1.0,1.0,1.0,1.0
2021/08/10,15:46,35.002,26.93,28.03,48.66,46.95,1.0,1.0,1.0,1.0
2021/08/10,15:47,35.002,26.93,28.0,48.39,47.05,0.0,1.0,1.0,1.0
2021/08/10,15:48,35.17,26.93,27.89,48.39,47.22,0.0,1.0,1.0,1.0
2021/08/10,15:49,35.17,26.9,27.94,48.28,46.95,0.0,1.0,1.0,1.0
2021/08/10,15:50,35.17,26.9,28.03,48.39,46.68,0.0,1.0,1.0,1.0
2021/08/10,15:51,35.17,26.8,28.0,48.39,46.4,0.0,1.0,1.0,1.0
2021/08/10,15:52,35.128,26.8,28.03,48.28,46.2,0.0,1.0,1.0,1.0
2021/08/10,15:53,35.17,26.8,27.89,48.11,46.4,1.0,1.0,1.0,1.0
2021/08/10,15:54,35.17,26.8,27.72,48.11,46.95,1.0,0.0,0.0,0.0
2021/08/10,15:55,34.96,26.83,27.58,47.84,46.58,0.0,0.0,0.0,0.0
2021/08/10,15:56,34.798,26.93,27.62,47.77,46.78,0.0,1.0,1.0,1.0
2021/08/10,15:57,34.84,26.93,27.93,47.84,46.03,0.0,1.0,1.0,1.0
2021/08/10,15:58,34.84,26.93,28.03,47.84,45.75,1.0,1.0,1.0,1.0
2021/08/10,15:59,34.774,26.93,28.03,47.77,45.86,1.0,1.0,1.0,1.0
2021/08/10,16:00,34.672,26.93,28.03,47.57,45.92,0.0,1.0,1.0,1.0
2021/08/10,16:01,34.798,26.93,28.07,47.57,45.58,1.0,1.0,1.0,1.0
2021/08/10,16:02,34.672,26.93,28.03,47.57,45.86,0.0,1.0,1.0,1.0
2021/08/10,16:03,34.672,26.93,28.03,47.57,45.86,0.0,1.0,1.0,1.0
2021/08/10,16:04,34.84,26.93,28.17,47.57,45.51,0.0,1.0,1.0,1.0
2021/08/10,16:05,34.84,26.93,28.12,47.57,45.58,1.0,1.0,1.0,1.0
2021/08/10,16:06,34.84,26.93,28.03,47.57,45.58,1.0,1.0,1.0,1.0
2021/08/10,16:07,34.84,26.93,28.0,47.57,45.96,1.0,1.0,1.0,1.0
2021/08/10,16:08,34.84,26.93,28.0,47.67,46.13,0.0,1.0,1.0,1.0
2021/08/10,16:09,34.798,26.93,28.03,47.84,46.13,0.0,1.0,1.0,1.0
2021/08/10,16:10,34.672,26.93,28.03,47.84,46.06,0.0,1.0,1.0,1.0
2021/08/10,16:11,34.672,26.93,28.03,47.74,46.13,0.0,1.0,1.0,1.0
2021/08/10,16:12,34.714,26.93,28.08,47.84,46.03,1.0,1.0,1.0,1.0
2021/08/10,16:13,34.84,26.93,28.07,47.84,45.79,1.0,1.0,1.0,1.0
2021/08/10,16:14,34.84,26.93,28.03,47.84,45.92,1.0,1.0,1.0,1.0
2021/08/10,16:15,34.672,26.93,28.03,47.84,45.79,1.0,1.0,1.0,1.0
2021/08/10,16:16,34.672,26.9,28.03,47.84,45.58,1.0,1.0,1.0,1.0
2021/08/10,16:17,34.84,26.88,28.03,47.5,45.31,1.0,1.0,1.0,1.0
2021/08/10,16:18,34.672,26.8,28.03,47.57,45.51,1.0,1.0,1.0,1.0
2021/08/10,16:19,34.629999999999995,26.8,27.89,47.57,45.41,1.0,1.0,1.0,1.0
2021/08/10,16:20,34.629999999999995,26.76,27.84,47.67,45.68,0.0,1.0,1.0,1.0
2021/08/10,16:21,34.51,26.76,27.76,47.57,46.13,0.0,1.0,1.0,1.0
2021/08/10,16:22,34.51,26.75,27.76,47.67,46.2,0.0,1.0,1.0,1.0
2021/08/10,16:23,34.51,26.66,27.62,47.64,46.4,0.0,1.0,1.0,1.0
2021/08/10,16:24,34.51,26.66,27.62,47.84,46.47,1.0,1.0,1.0,1.0
2021/08/10,16:25,34.51,26.66,27.62,47.84,46.47,1.0,1.0,1.0,1.0
2021/08/10,16:26,34.51,26.66,27.65,47.84,46.4,0.0,1.0,1.0,1.0
2021/08/10,16:27,34.51,26.66,27.62,47.84,46.13,1.0,1.0,1.0,1.0
2021/08/10,16:28,34.51,26.66,27.58,47.84,46.34,1.0,1.0,1.0,1.0
2021/08/10,16:29,34.51,26.66,27.71,47.57,46.13,0.0,1.0,1.0,1.0
2021/08/10,16:30,34.552,26.66,27.67,47.57,46.13,0.0,1.0,1.0,1.0
2021/08/10,16:31,34.672,26.66,27.67,47.64,46.13,0.0,1.0,1.0,1.0
2021/08/10,16:32,34.84,26.66,27.76,47.57,45.79,0.0,1.0,1.0,1.0
2021/08/10,16:33,34.672,26.66,27.62,47.57,45.92,1.0,1.0,1.0,1.0
2021/08/10,16:34,34.468,26.66,27.65,47.46,45.86,1.0,1.0,1.0,1.0
2021/08/10,16:35,34.342,26.66,27.72,47.57,45.92,1.0,1.0,1.0,1.0
2021/08/10,16:36,34.174,26.66,27.72,47.57,46.13,1.0,1.0,1.0,1.0
2021/08/10,16:37,34.114,26.66,27.76,47.57,46.13,1.0,1.0,1.0,1.0
2021/08/10,16:38,34.012,26.66,27.76,47.57,46.06,1.0,1.0,1.0,1.0
2021/08/10,16:39,34.012,26.66,27.76,47.67,46.13,1.0,1.0,1.0,1.0
2021/08/10,16:40,33.97,26.66,27.62,47.57,46.23,1.0,1.0,1.0,1.0
2021/08/10,16:41,34.012,26.66,27.76,47.57,46.13,1.0,1.0,1.0,1.0
2021/08/10,16:42,33.97,26.66,27.76,47.57,45.86,1.0,1.0,1.0,1.0
2021/08/10,16:43,33.97,26.66,27.89,47.57,45.58,1.0,1.0,1.0,1.0
2021/08/10,16:44,34.012,26.66,27.76,47.57,45.75,1.0,1.0,1.0,1.0
2021/08/10,16:45,34.174,26.66,27.62,47.57,46.13,1.0,1.0,1.0,1.0
2021/08/10,16:46,34.012,26.66,27.62,47.29,46.13,0.0,1.0,1.0,1.0
2021/08/10,16:47,33.97,26.66,27.62,47.29,46.06,0.0,1.0,1.0,1.0
2021/08/10,16:48,33.844,26.66,27.62,47.29,45.92,1.0,1.0,1.0,1.0
2021/08/10,16:49,33.682,26.66,27.76,47.36,45.86,1.0,1.0,1.0,1.0
2021/08/10,16:50,33.682,26.66,27.76,47.29,45.86,1.0,1.0,1.0,1.0
2021/08/10,16:51,33.844,26.66,27.62,47.22,46.2,1.0,1.0,1.0,1.0
2021/08/10,16:52,33.682,26.66,27.62,47.29,46.4,1.0,1.0,1.0,1.0
2021/08/10,16:53,33.844,26.66,27.62,47.29,46.13,1.0,1.0,1.0,1.0
2021/08/10,16:54,33.892,26.7,27.76,47.29,45.86,1.0,1.0,1.0,1.0
2021/08/10,16:55,34.012,26.66,27.72,47.02,45.86,1.0,1.0,1.0,1.0
2021/08/10,16:56,34.012,26.66,27.76,47.29,45.86,0.0,1.0,1.0,1.0
2021/08/10,16:57,34.012,26.66,27.76,47.29,45.75,1.0,1.0,1.0,1.0
2021/08/10,16:58,34.012,26.66,27.76,47.29,45.58,1.0,1.0,1.0,1.0
2021/08/10,16:59,34.012,26.66,27.72,47.02,45.58,1.0,1.0,1.0,1.0
2021/08/10,17:00,34.012,26.66,27.62,46.74,45.58,1.0,1.0,1.0,1.0
2021/08/10,17:01,34.012,26.66,27.65,47.02,45.58,1.0,1.0,1.0,1.0
2021/08/10,17:02,33.952,26.66,27.58,47.02,45.58,1.0,1.0,1.0,1.0
2021/08/10,17:03,33.844,26.63,27.65,47.02,45.58,1.0,1.0,1.0,1.0
2021/08/10,17:04,33.844,26.63,27.62,47.02,45.58,0.0,1.0,1.0,1.0
2021/08/10,17:05,33.844,26.63,27.62,47.09,45.58,0.0,1.0,1.0,1.0
2021/08/10,17:06,33.844,26.63,27.58,47.02,45.86,0.0,1.0,1.0,1.0
2021/08/10,17:07,33.844,26.63,27.62,47.02,45.86,0.0,1.0,1.0,1.0
2021/08/10,17:08,33.844,26.66,27.62,47.09,45.48,1.0,1.0,1.0,1.0
2021/08/10,17:09,33.844,26.63,27.62,47.09,45.58,1.0,1.0,1.0,1.0
2021/08/10,17:10,33.844,26.63,27.48,47.02,45.58,1.0,1.0,1.0,1.0
2021/08/10,17:11,33.682,26.63,27.65,47.02,45.03,1.0,1.0,1.0,1.0
2021/08/10,17:12,33.682,26.63,27.62,47.02,45.31,0.0,1.0,1.0,1.0
2021/08/10,17:13,33.682,26.61,27.65,47.02,45.2,0.0,1.0,1.0,1.0
2021/08/10,17:14,33.64,26.52,27.58,47.02,45.31,1.0,1.0,1.0,1.0
2021/08/10,17:15,33.52,26.52,27.57,47.02,45.24,1.0,1.0,1.0,1.0
2021/08/10,17:16,33.52,26.52,27.48,47.02,45.31,1.0,1.0,1.0,1.0
2021/08/10,17:17,33.64,26.52,27.43,47.02,45.86,1.0,1.0,1.0,1.0
2021/08/10,17:18,33.52,26.52,27.48,47.02,45.58,2.0,1.0,1.0,1.0
2021/08/10,17:19,33.52,26.56,27.48,46.95,45.58,2.0,1.0,1.0,1.0
2021/08/10,17:20,33.52,26.57,27.48,46.95,45.58,1.0,1.0,1.0,1.0
2021/08/10,17:21,33.556,26.57,27.62,46.95,45.31,1.0,1.0,1.0,1.0
2021/08/10,17:22,33.52,26.57,27.76,46.91,44.76,2.0,1.0,1.0,1.0
2021/08/10,17:23,33.52,26.57,27.76,46.74,44.69,2.0,1.0,1.0,1.0
2021/08/10,17:24,33.352000000000004,26.56,27.76,46.74,44.76,1.0,1.0,1.0,1.0
2021/08/10,17:25,33.394,26.52,27.76,46.67,44.69,0.0,1.0,1.0,1.0
2021/08/10,17:26,33.412,26.52,27.71,46.74,44.83,1.0,1.0,1.0,1.0
2021/08/10,17:27,33.454,26.52,27.67,46.74,45.03,1.0,1.0,1.0,1.0
2021/08/10,17:28,33.352000000000004,26.52,27.62,46.74,45.1,1.0,1.0,1.0,1.0
2021/08/10,17:29,33.352000000000004,26.52,27.62,46.74,45.1,0.0,1.0,1.0,1.0
2021/08/10,17:30,33.352000000000004,26.52,27.62,46.74,45.2,0.0,1.0,1.0,1.0
2021/08/10,17:31,33.184,26.52,27.62,46.74,45.31,0.0,1.0,1.0,1.0
2021/08/10,17:32,33.184,26.52,27.62,46.74,45.03,0.0,1.0,1.0,1.0
2021/08/10,17:33,33.184,26.56,27.65,46.74,44.76,1.0,1.0,1.0,1.0
2021/08/10,17:34,33.184,26.56,27.62,46.74,44.83,1.0,1.0,1.0,1.0
2021/08/10,17:35,33.184,26.56,27.62,46.74,45.03,0.0,1.0,1.0,1.0
2021/08/10,17:36,33.184,26.56,27.62,46.64,45.03,1.0,1.0,1.0,1.0
2021/08/10,17:37,33.184,26.52,27.62,46.54,44.76,1.0,1.0,1.0,1.0
2021/08/10,17:38,33.184,26.52,27.62,46.67,44.76,0.0,1.0,1.0,1.0
2021/08/10,17:39,33.004000000000005,26.52,27.62,46.74,44.69,0.0,1.0,1.0,1.0
2021/08/10,17:40,32.836,26.52,27.65,46.67,44.48,1.0,1.0,1.0,1.0
2021/08/10,17:41,32.836,26.52,27.62,46.74,44.76,1.0,1.0,1.0,1.0
2021/08/10,17:42,32.836,26.52,27.62,46.67,44.76,1.0,1.0,1.0,1.0
2021/08/10,17:43,32.836,26.52,27.58,46.64,44.86,1.0,1.0,1.0,1.0
2021/08/10,17:44,32.878,26.52,27.62,46.54,45.03,1.0,1.0,1.0,1.0
2021/08/10,17:45,32.896,26.52,27.48,46.74,45.03,1.0,1.0,1.0,1.0
2021/08/10,17:46,32.896,26.52,27.48,46.74,45.03,1.0,1.0,1.0,1.0
2021/08/10,17:47,32.896,26.49,27.62,46.67,44.76,0.0,1.0,1.0,1.0
2021/08/10,17:48,33.064,26.49,27.62,46.67,44.48,1.0,1.0,1.0,1.0
2021/08/10,17:49,33.004000000000005,26.52,27.43,46.74,45.14,1.0,1.0,1.0,1.0
2021/08/10,17:50,33.022,26.52,27.35,46.85,45.41,1.0,1.0,1.0,1.0
2021/08/10,17:51,32.896,26.52,27.35,46.85,45.58,1.0,1.0,1.0,1.0
2021/08/10,17:52,32.896,26.52,27.38,47.02,45.58,0.0,1.0,1.0,1.0
2021/08/10,17:53,32.896,26.52,27.38,47.02,45.58,0.0,1.0,1.0,1.0
2021/08/10,17:54,32.854,26.56,27.48,47.02,45.38,1.0,1.0,1.0,1.0
2021/08/10,17:55,32.896,26.52,27.48,47.02,45.58,2.0,1.0,1.0,1.0
2021/08/10,17:56,32.896,26.56,27.35,47.09,45.86,1.0,1.0,1.0,1.0
2021/08/10,17:57,32.836,26.56,27.48,47.02,45.86,1.0,1.0,1.0,1.0
2021/08/10,17:58,32.854,26.66,27.48,47.09,45.86,1.0,1.0,1.0,1.0
2021/08/10,17:59,32.854,26.66,27.58,47.29,45.86,1.0,1.0,1.0,1.0
2021/08/10,18:00,32.836,26.66,27.62,47.29,45.86,1.0,1.0,1.0,1.0
2021/08/10,18:01,32.836,26.7,27.48,47.36,46.13,1.0,2.0,0.0,0.0
2021/08/10,18:02,32.77,26.8,27.45,47.36,46.5,1.0,2.0,0.0,0.0
2021/08/10,18:03,32.734,26.93,27.45,47.36,46.68,1.0,2.0,0.0,0.0
2021/08/10,18:04,32.734,27.07,27.48,47.29,46.68,1.0,2.0,0.0,0.0
2021/08/10,18:05,32.734,27.12,27.48,47.22,46.68,1.0,2.0,0.0,0.0
2021/08/10,18:06,32.692,27.24,27.52,47.02,46.68,1.0,2.0,0.0,0.0
2021/08/10,18:07,32.734,27.35,27.62,46.74,46.68,1.0,2.0,0.0,0.0
2021/08/10,18:08,32.734,27.4,27.65,46.67,46.4,1.0,2.0,0.0,0.0
2021/08/10,18:09,32.734,27.48,27.67,46.47,46.4,1.0,2.0,0.0,0.0
2021/08/10,18:10,32.692,27.53,27.76,46.4,46.03,1.0,2.0,0.0,0.0
2021/08/10,18:11,32.674,27.62,27.79,46.2,45.96,1.0,2.0,0.0,0.0
2021/08/10,18:12,32.566,27.67,27.89,46.2,45.86,1.0,2.0,0.0,0.0
2021/08/10,18:13,32.566,27.76,27.89,46.09,45.75,1.0,2.0,0.0,0.0
2021/08/10,18:14,32.566,27.79,27.94,45.92,45.58,1.0,2.0,0.0,0.0
2021/08/10,18:15,32.566,27.89,28.03,45.82,45.58,1.0,2.0,0.0,0.0
2021/08/10,18:16,32.566,27.89,28.03,45.65,45.86,1.0,2.0,0.0,0.0
2021/08/10,18:17,32.566,27.94,28.07,45.65,45.03,1.0,2.0,0.0,0.0
2021/08/10,18:18,32.566,28.03,28.17,45.58,44.93,1.0,2.0,0.0,0.0
2021/08/10,18:19,32.566,28.03,28.17,45.58,45.31,1.0,2.0,0.0,0.0
2021/08/10,18:20,32.524,28.03,28.2,45.54,45.2,1.0,2.0,0.0,0.0
2021/08/10,18:21,32.404,28.03,28.22,45.58,45.38,1.0,2.0,0.0,0.0
2021/08/10,18:22,32.404,28.07,28.22,45.58,45.24,1.0,2.0,0.0,0.0
2021/08/10,18:23,32.404,28.08,28.3,45.54,45.31,1.0,2.0,0.0,0.0
2021/08/10,18:24,32.404,28.17,28.3,45.37,45.24,1.0,2.0,0.0,0.0
2021/08/10,18:25,32.404,28.17,28.3,45.37,45.135000000000005,1.0,2.0,0.0,0.0
2021/08/10,18:26,32.404,28.17,28.3,45.37,45.03,1.0,2.0,0.0,0.0
2021/08/10,18:27,32.404,28.17,28.34,45.37,45.1,1.0,2.0,0.0,0.0
2021/08/10,18:28,32.404,28.2,28.34,45.37,45.03,1.0,2.0,0.0,0.0
2021/08/10,18:29,32.404,28.2,28.36,45.3,45.03,1.0,2.0,0.0,0.0
2021/08/10,18:30,32.362,28.22,28.36,45.3,45.03,1.0,2.0,0.0,0.0
2021/08/10,18:31,32.236000000000004,28.22,28.44,45.27,45.03,1.0,2.0,0.0,0.0
2021/08/10,18:32,32.236000000000004,28.3,28.44,45.3,44.96,1.0,2.0,0.0,0.0
2021/08/10,18:33,32.236000000000004,28.3,28.44,45.27,45.03,0.0,2.0,0.0,0.0
2021/08/10,18:34,32.236000000000004,28.3,28.44,45.27,44.96,1.0,2.0,0.0,0.0
2021/08/10,18:35,32.236000000000004,28.3,28.44,45.27,45.14,1.0,2.0,0.0,0.0
2021/08/10,18:36,32.236000000000004,28.3,28.48,45.3,44.76,0.0,2.0,0.0,0.0
2021/08/10,18:37,32.236000000000004,28.34,28.48,45.37,44.76,1.0,2.0,0.0,0.0
2021/08/10,18:38,32.074,28.34,28.48,45.3,44.83,1.0,2.0,0.0,0.0
2021/08/10,18:39,32.074,28.36,28.49,45.27,44.76,0.0,2.0,0.0,0.0
2021/08/10,18:40,32.074,28.36,28.49,45.1,44.76,0.0,2.0,0.0,0.0
2021/08/10,18:41,32.074,28.36,28.49,45.1,44.66,0.0,2.0,0.0,0.0
2021/08/10,18:42,32.074,28.44,28.58,45.1,44.76,0.0,2.0,0.0,0.0
2021/08/10,18:43,32.074,28.44,28.58,45.1,44.76,0.0,2.0,0.0,0.0
2021/08/10,18:44,32.074,28.44,28.58,45.17,44.76,0.0,2.0,0.0,0.0
2021/08/10,18:45,32.074,28.44,28.58,45.17,44.83,0.0,2.0,0.0,0.0
2021/08/10,18:46,32.074,28.44,28.58,45.17,45.03,0.0,2.0,0.0,0.0
2021/08/10,18:47,32.074,28.44,28.58,45.17,45.03,0.0,2.0,0.0,0.0
2021/08/10,18:48,32.074,28.48,28.58,45.17,45.03,0.0,2.0,0.0,0.0
2021/08/10,18:49,32.074,28.48,28.61,45.17,45.03,0.0,2.0,0.0,0.0
2021/08/10,18:50,32.074,28.48,28.61,45.17,45.1,0.0,2.0,0.0,0.0
2021/08/10,18:51,32.074,28.49,28.61,45.17,45.03,0.0,2.0,0.0,0.0
2021/08/10,18:52,32.074,28.49,28.61,45.1,45.1,0.0,2.0,0.0,0.0
2021/08/10,18:53,32.074,28.49,28.63,45.1,45.14,0.0,2.0,0.0,0.0
2021/08/10,18:54,32.074,28.49,28.63,45.1,45.14,0.0,2.0,0.0,0.0
2021/08/10,18:55,32.032,28.58,28.63,45.1,45.03,2.0,2.0,0.0,0.0
2021/08/10,18:56,32.032,28.58,28.63,45.1,45.14,2.0,2.0,0.0,0.0
2021/08/10,18:57,32.032,28.58,28.63,45.1,45.14,2.0,2.0,0.0,0.0
2021/08/10,18:58,31.906,28.58,28.72,45.1,45.1,2.0,2.0,0.0,0.0
2021/08/10,18:59,31.906,28.58,28.72,45.1,45.31,2.0,2.0,0.0,0.0
2021/08/10,19:00,31.906,28.58,28.72,45.1,45.31,2.0,2.0,0.0,0.0
